day,platform,title,destination_link,caption,hashtags,image_prompt
1,Facebook,Best Wigs for Beginners: What to Check Before Buying,https://hairhub.club/best-wigs-for-beginners/,"Beginner wig shopping? Don’t buy just because the photo looks good. Before you spend money, check glueless options, cap size, hair density, return policy, and real customer photos. HairHub’s beginner wig guide breaks down what to look for before buying.","#Wigs #BeginnerWigs #HairHub #HairCare #BeautyTips #WigShopping","Black and pink HairHub graphic with beginner wig headline and wig photo style background"
1,Pinterest,Best Wigs for Beginners: What to Check Before Buying,https://hairhub.club/best-wigs-for-beginners/,"Shopping for your first wig? Learn what to check before buying, including glueless wigs, lace fronts, cap size, density, reviews, and return policies.","#Wigs #BeginnerWigs #HairHub #BeautyTips","Vertical Pinterest pin, pink black beauty style, headline Best Wigs for Beginners"
2,Facebook,Best Hair Extensions for Fine Hair Without Damage,https://hairhub.club/best-hair-extensions-for-fine-hair/,"Fine hair needs the right extensions. Heavy extensions can pull, slip, or cause breakage. The safer move is choosing lightweight options that add volume without stressing your roots.","#HairExtensions #FineHair #HairTips #HairHub #BeautyGuide #HairCare","Hair extensions on soft pink background with HairHub logo"
2,Pinterest,Best Hair Extensions for Fine Hair Without Damage,https://hairhub.club/best-hair-extensions-for-fine-hair/,"Find lightweight hair extensions for fine hair, including halo extensions, clip-ins, tape-ins, and tips to avoid breakage.","#HairExtensions #FineHair #BeautyGuide","Vertical pin with hair extension before and after style, pink black branding"
3,Facebook,Best Human Hair Wigs: Buyer Checklist Before You Spend,https://hairhub.club/best-human-hair-wigs/,"Buying a human hair wig? Slow down before checkout. A good wig is not just about length. Check lace quality, density, cap fit, hairline realism, reviews, and return policy before spending.","#HumanHairWigs #WigTips #HairHub #BeautyDeals #WigReview #HairCare","Human hair wig buyer checklist graphic with elegant black and pink design"
3,Pinterest,Best Human Hair Wigs: Buyer Checklist Before You Spend,https://hairhub.club/best-human-hair-wigs/,"Compare human hair wigs with this simple buyer checklist covering lace quality, density, cap fit, reviews, and return policy.","#HumanHairWigs #WigShopping #HairHub","Vertical checklist pin with luxury wig theme"
4,Facebook,Recommended Wig and Hair Products to Compare,https://hairhub.club/recommended-products/,"Looking for wig and hair product picks in one place? HairHub collects beginner-friendly guides, product recommendations, and haircare tips so you can compare before buying.","#HairProducts #BeautyDeals #WigDeals #HairHub #HairCare #BeautyShopping","Product collage style graphic with wigs, hair tools, shampoo, HairHub branding"
4,Pinterest,Recommended Wig and Hair Products to Compare,https://hairhub.club/recommended-products/,"Browse HairHub’s recommended hair products, wig deals, haircare guides, and beauty shopping tips before buying.","#HairProducts #BeautyDeals #WigDeals","Vertical shopping guide pin with product collage"
5,Facebook,New to Wigs? Start Simple,https://hairhub.club/best-wigs-for-beginners/,"New to wigs? Start simple. Glueless wigs, closure wigs, and beginner-friendly lace fronts are usually easier than complicated installs. Read the HairHub beginner guide before you buy.","#BeginnerWigs #WigTips #HairHub #BeautyGuide #HairCare","Simple starter wig guide graphic with large headline"
5,Pinterest,New to Wigs? Start Simple,https://hairhub.club/best-wigs-for-beginners/,"Start with glueless wigs, closure wigs, and simple beginner-friendly styles before trying complicated installs.","#BeginnerWigs #WigGuide #HairHub","Vertical pin with headline New to Wigs Start Here"
6,Facebook,Fine Hair Extensions Should Add Volume Not Damage,https://hairhub.club/best-hair-extensions-for-fine-hair/,"Fine hair extensions should add volume — not damage. If your hair is thin or fragile, look for lightweight options and avoid heavy wefts that pull at the roots.","#FineHair #HairExtensions #HairCareTips #HairHub #BeautyTips","Fine hair extensions safety tips graphic"
6,Pinterest,Fine Hair Extensions Should Add Volume Not Damage,https://hairhub.club/best-hair-extensions-for-fine-hair/,"Avoid heavy extensions that pull at fine hair roots. Compare lightweight options before buying.","#FineHair #HairExtensions #BeautyTips","Vertical pin showing fine hair volume tips"
7,Facebook,Human Hair Wig Checklist,https://hairhub.club/best-human-hair-wigs/,"Human hair wig checklist: lace type, density, cap size, reviews, hairline realism, and return policy. Save this before your next wig purchase.","#HumanHairWigs #WigChecklist #HairHub #BeautyShopping","Save this wig checklist graphic in black pink style"
7,Pinterest,Human Hair Wig Checklist,https://hairhub.club/best-human-hair-wigs/,"Save this human hair wig checklist before buying your next wig.","#WigChecklist #HumanHairWigs #HairHub","Vertical checklist pin for wig buyers"
8,Facebook,Beginner Wig Mistakes to Avoid,https://hairhub.club/best-wigs-for-beginners/,"Beginner wig mistake: buying only by length and color. Cap fit, lace quality, density, and return policy matter just as much.","#WigMistakes #BeginnerWigs #HairHub #HairCare","Beginner wig mistakes graphic"
8,Pinterest,Beginner Wig Mistakes to Avoid,https://hairhub.club/best-wigs-for-beginners/,"Avoid these beginner wig mistakes before you buy your first wig.","#BeginnerWigs #WigTips #BeautyTips","Vertical pin with title Beginner Wig Mistakes to Avoid"
9,Facebook,Which Extensions Are Best for Fine Hair?,https://hairhub.club/best-hair-extensions-for-fine-hair/,"Which extensions are best for fine hair? Start by comparing halo extensions, lightweight clip-ins, and tape-ins before choosing anything heavy.","#HairExtensions #FineHair #HairHub #BeautyGuide","Comparison graphic: halo vs clip ins vs tape ins"
9,Pinterest,Which Extensions Are Best for Fine Hair?,https://hairhub.club/best-hair-extensions-for-fine-hair/,"Compare halo extensions, clip-ins, tape-ins, and other lightweight options for fine hair.","#FineHairExtensions #HairExtensions #HairHub","Vertical comparison pin for hair extensions"
10,Facebook,Before You Buy a Wig Online,https://hairhub.club/best-human-hair-wigs/,"Before you buy a wig online, check real customer photos, clear return policy, lace details, density, and shipping times. HairHub helps you compare smarter.","#WigShopping #WigTips #HumanHairWigs #HairHub","Online wig buying tips graphic"
10,Pinterest,Before You Buy a Wig Online,https://hairhub.club/best-human-hair-wigs/,"Online wig shopping checklist: reviews, real photos, return policy, lace quality, and density.","#WigShopping #HumanHairWigs #BeautyGuide","Vertical online wig buying checklist pin"
11,Facebook,HairHub Product Picks,https://hairhub.club/recommended-products/,"HairHub is building a simple place to compare wig deals, haircare picks, and beauty shopping guides without the confusion.","#HairHub #HairProducts #BeautyDeals #HairCare","HairHub product picks collage graphic"
11,Pinterest,HairHub Product Picks,https://hairhub.club/recommended-products/,"Compare wig deals, haircare picks, and beauty shopping guides in one place.","#HairProducts #BeautyDeals #WigDeals","Vertical product picks pin"
12,Facebook,Glueless Wigs for Beginners,https://hairhub.club/best-wigs-for-beginners/,"Glueless wigs are often a better beginner option because they are easier to install, remove, and practice with. Learn what to check before buying.","#GluelessWigs #BeginnerWigs #HairHub #WigTips","Glueless wig beginner guide graphic"
12,Pinterest,Glueless Wigs for Beginners,https://hairhub.club/best-wigs-for-beginners/,"Why glueless wigs are beginner-friendly and what to check before buying.","#GluelessWigs #BeginnerWigs #WigGuide","Vertical glueless wig guide pin"
13,Facebook,Lightweight Extensions Matter,https://hairhub.club/best-hair-extensions-for-fine-hair/,"For fine hair, lightweight extensions matter. The goal is volume without root tension, slipping, or breakage.","#FineHair #HairExtensions #HairCare #HairHub","Lightweight extensions graphic"
13,Pinterest,Lightweight Extensions Matter,https://hairhub.club/best-hair-extensions-for-fine-hair/,"Fine hair extension tips: choose lightweight options to avoid tension and breakage.","#FineHair #HairExtensions #BeautyTips","Vertical lightweight extension tips pin"
14,Facebook,Human Hair Wig Value Guide,https://hairhub.club/best-human-hair-wigs/,"A higher price does not always mean a better wig. Compare lace, density, cap fit, reviews, and return policy before deciding.","#HumanHairWigs #WigReview #HairHub #BeautyShopping","Wig value guide graphic"
14,Pinterest,Human Hair Wig Value Guide,https://hairhub.club/best-human-hair-wigs/,"How to compare human hair wigs before spending more money.","#HumanHairWigs #WigShopping #BeautyGuide","Vertical wig value guide pin"
15,Facebook,Start Your Wig Research Here,https://hairhub.club/best-wigs-for-beginners/,"Start your wig research here. HairHub explains beginner-friendly wig types so you can shop with more confidence.","#WigResearch #BeginnerWigs #HairHub #BeautyTips","Start here wig guide graphic"
15,Pinterest,Start Your Wig Research Here,https://hairhub.club/best-wigs-for-beginners/,"Beginner wig research guide: glueless, closure, lace front, and synthetic options.","#WigGuide #BeginnerWigs #HairHub","Vertical start here wig guide pin"
